Title,Location,Company,Salary
Analytics Engineer,None,Tara Energy Services Inc,None
Manufacturing Engineering Analyst,None,Toyota Motor Manufacturing Canada,None
BI Engineer,"Toronto, ON",Wave,None
BI Engineer (Contract),"Mississauga, ON",Compass Digital Labs,None
Sr. Analytics Engineer,"Toronto, ON",ACV Auctions,None
Systems Engineer - Power BI,"Vancouver, BC",Infosys Limited,None
"Engineering Analyst, Customer Satisfaction - Quality Assuran...","Cambridge, ON",Toyota Motor Manufacturing Canada,None
Business Intelligence Engineer II,"Vancouver, BC","AMZN CAN Fulfillment Svcs, ULC",None
Analytics Engineer,Ontario,MakeSpace,None
QA & Process Design Analyst,"Winnipeg, MB",Canada Life Assurance Company,None
Analyst/Senior Associate - Financial Engineering and Modelin...,"Toronto, ON",Deloitte,None
Senior Analytics Engineer,"Vancouver, BC",Unbounce,None
Program Manager - Business Analyst,"Montréal, QC",MHI RJ Aviation Canada,None
Senior Business Intelligence Engineer - 308751,None,Procom,None
BI Engineer,"Ottawa, ON",Sonder,None
BI Engineer (Contract),"Mississauga, ON",Compass Digital Labs,None
Sr. Analytics Engineer,"Toronto, ON",ACV Auctions,None
Systems Engineer - Power BI,"Vancouver, BC",Infosys Limited,None
Business Intelligence Engineer II,"Vancouver, BC","AMZN CAN Fulfillment Svcs, ULC",None
"Engineering Analyst, Customer Satisfaction - Quality Assuran...","Cambridge, ON",Toyota Motor Manufacturing Canada,None
Analytics Engineer,Ontario,MakeSpace,None
QA & Process Design Analyst,"Winnipeg, MB",Canada Life Assurance Company,None
Analyst/Senior Associate - Financial Engineering and Modelin...,"Toronto, ON",Deloitte,None
Senior Analytics Engineer,"Vancouver, BC",Unbounce,None
Program Manager - Business Analyst,"Montréal, QC",MHI RJ Aviation Canada,None
BI Engineer,"Ottawa, ON",Sonder,None
Senior Business Intelligence Engineer - 308751,None,Procom,None
Energy Analyst,"Toronto, ON",Ainsworth,None
BI Solution Engineer - Customer Success,Canada,Dundas Data Visualization,None
Senior BI Engineer,"Toronto, ON",ecobee,None
Manufacturing Engineering Analyst,None,Toyota Motor Manufacturing Canada,None
BI Engineer,"Toronto, ON",Wave,None
BI Engineer (Contract),"Mississauga, ON",Compass Digital Labs,None
Systems Engineer - Power BI,"Vancouver, BC",Infosys Limited,None
"Engineering Analyst, Customer Satisfaction - Quality Assuran...","Cambridge, ON",Toyota Motor Manufacturing Canada,None
Business Intelligence Engineer II,"Vancouver, BC","AMZN CAN Fulfillment Svcs, ULC",None
Analytics Engineer,Ontario,MakeSpace,None
QA & Process Design Analyst,"Winnipeg, MB",Canada Life Assurance Company,None
Senior Analytics Engineer,"Vancouver, BC",Unbounce,None
Program Manager - Business Analyst,"Montréal, QC",MHI RJ Aviation Canada,None
BI Engineer,"Ottawa, ON",Sonder,None
Senior Business Intelligence Engineer - 308751,None,Procom,None
Energy Analyst,"Mississauga, ON",Ainsworth,None
BI Solution Engineer - Customer Success,Canada,Dundas Data Visualization,None
Senior BI Engineer,"Toronto, ON",ecobee,None
Analytics Engineer,None,Tara Energy Services Inc,None
Business Intelligence Engineer,"Vancouver, BC","AMZN CAN Fulfillment Svcs, ULC",None
Systems Engineer - Power BI,"Vancouver, BC",Infosys Limited,None
Analytics Engineer,Ontario,MakeSpace,None
Sr. Analytics Engineer,"Toronto, ON",ACV Auctions,None
Energy Analyst,"Toronto, ON",Ainsworth,None
BI Engineer,"Ottawa, ON",Sonder,None
Senior Analytics Engineer,"Vancouver, BC",Unbounce,None
"Engineering Analyst, Customer Satisfaction - Quality Assuran...","Cambridge, ON",Toyota Motor Manufacturing Canada,None
QA & Process Design Analyst,"Winnipeg, MB",Canada Life Assurance Company,None
BI Solution Engineer - Customer Success,Canada,Dundas Data Visualization,None
Senior BI Engineer,"Toronto, ON",ecobee,None
Manufacturing Engineering Analyst,None,Toyota Motor Manufacturing Canada,None
Analyst/Senior Associate - Financial Engineering and Modelin...,"Toronto, ON",Deloitte,None
Program Manager - Business Analyst,"Montréal, QC",MHI RJ Aviation Canada,None
Sr. Analytics Engineer,"Toronto, ON",ACV Auctions,None
Systems Engineer - Power BI,"Vancouver, BC",Infosys Limited,None
Business Intelligence Engineer II,"Vancouver, BC","AMZN CAN Fulfillment Svcs, ULC",None
"Engineering Analyst, Customer Satisfaction - Quality Assuran...","Cambridge, ON",Toyota Motor Manufacturing Canada,None
Analytics Engineer,Ontario,MakeSpace,None
QA & Process Design Analyst,"Winnipeg, MB",Canada Life Assurance Company,None
Senior Business Intelligence Engineer - 308751,None,Procom,None
Analyst/Senior Associate - Financial Engineering and Modelin...,"Toronto, ON",Deloitte,None
Senior Analytics Engineer,"Vancouver, BC",Unbounce,None
Program Manager - Business Analyst,"Montréal, QC",MHI RJ Aviation Canada,None
Senior Business Process Analyst - Process Engineering/Six Si...,None,Procom,None
BI Engineer,"Ottawa, ON",Sonder,None
Energy Analyst,"Toronto, ON",Ainsworth,None
BI Solution Engineer - Customer Success,Canada,Dundas Data Visualization,None
Senior BI Engineer,"Toronto, ON",ecobee,None
BI Engineer (Contract),"Mississauga, ON",Compass Digital Labs,None
Sr. Analytics Engineer,"Toronto, ON",ACV Auctions,None
Systems Engineer - Power BI,"Vancouver, BC",Infosys Limited,None
"Engineering Analyst, Customer Satisfaction - Quality Assuran...","Cambridge, ON",Toyota Motor Manufacturing Canada,None
Business Intelligence Engineer II,"Vancouver, BC","AMZN CAN Fulfillment Svcs, ULC",None
Analytics Engineer,Ontario,MakeSpace,None
QA & Process Design Analyst,"Winnipeg, MB",Canada Life Assurance Company,None
Analyst/Senior Associate - Financial Engineering and Modelin...,"Toronto, ON",Deloitte,None
Senior Analytics Engineer,"Vancouver, BC",Unbounce,None
Program Manager - Business Analyst,"Montréal, QC",MHI RJ Aviation Canada,None
BI Engineer,"Ottawa, ON",Sonder,None
Senior Business Intelligence Engineer - 308751,None,Procom,None
Energy Analyst,"Mississauga, ON",Ainsworth,None
BI Solution Engineer - Customer Success,Canada,Dundas Data Visualization,None
Senior BI Engineer,"Toronto, ON",ecobee,None
BI Engineer (Contract),"Mississauga, ON",Compass Digital Labs,None
Sr. Analytics Engineer,"Toronto, ON",ACV Auctions,None
Systems Engineer - Power BI,"Vancouver, BC",Infosys Limited,None
Business Intelligence Engineer II,"Vancouver, BC","AMZN CAN Fulfillment Svcs, ULC",None
"Engineering Analyst, Customer Satisfaction - Quality Assuran...","Cambridge, ON",Toyota Motor Manufacturing Canada,None
Analytics Engineer,Ontario,MakeSpace,None
QA & Process Design Analyst,"Winnipeg, MB",Canada Life Assurance Company,None
Analyst/Senior Associate - Financial Engineering and Modelin...,"Toronto, ON",Deloitte,None
Senior Analytics Engineer,"Vancouver, BC",Unbounce,None
Program Manager - Business Analyst,"Montréal, QC",MHI RJ Aviation Canada,None
BI Engineer,"Ottawa, ON",Sonder,None
Senior Business Intelligence Engineer - 308751,None,Procom,None
Energy Analyst,"Toronto, ON",Ainsworth,None
BI Solution Engineer - Customer Success,Canada,Dundas Data Visualization,None
Senior BI Engineer,"Toronto, ON",ecobee,None
Analytics Engineer,None,Tara Energy Services Inc,None
Business Intelligence Engineer,"Vancouver, BC","AMZN CAN Fulfillment Svcs, ULC",None
Systems Engineer - Power BI,"Vancouver, BC",Infosys Limited,None
Analytics Engineer,Ontario,MakeSpace,None
Energy Analyst,"Toronto, ON",Ainsworth,None
Sr. Analytics Engineer,"Toronto, ON",ACV Auctions,None
BI Engineer,"Ottawa, ON",Sonder,None
Senior Analytics Engineer,"Vancouver, BC",Unbounce,None
"Engineering Analyst, Customer Satisfaction - Quality Assuran...","Cambridge, ON",Toyota Motor Manufacturing Canada,None
QA & Process Design Analyst,"Winnipeg, MB",Canada Life Assurance Company,None
BI Solution Engineer - Customer Success,Canada,Dundas Data Visualization,None
Senior BI Engineer,"Toronto, ON",ecobee,None
Manufacturing Engineering Analyst,None,Toyota Motor Manufacturing Canada,None
Analyst/Senior Associate - Financial Engineering and Modelin...,"Toronto, ON",Deloitte,None
Program Manager - Business Analyst,"Montréal, QC",MHI RJ Aviation Canada,None
Business Intelligence Engineer,"Vancouver, BC","AMZN CAN Fulfillment Svcs, ULC",None
Analytics Engineer,None,Tara Energy Services Inc,None
Systems Engineer - Power BI,"Vancouver, BC",Infosys Limited,None
Analytics Engineer,Ontario,MakeSpace,None
Sr. Analytics Engineer,"Toronto, ON",ACV Auctions,None
Energy Analyst,"Toronto, ON",Ainsworth,None
BI Engineer,"Ottawa, ON",Sonder,None
Senior Analytics Engineer,"Vancouver, BC",Unbounce,None
"Engineering Analyst, Customer Satisfaction - Quality Assuran...","Cambridge, ON",Toyota Motor Manufacturing Canada,None
QA & Process Design Analyst,"Winnipeg, MB",Canada Life Assurance Company,None
BI Solution Engineer - Customer Success,Canada,Dundas Data Visualization,None
Senior BI Engineer,"Toronto, ON",ecobee,None
Manufacturing Engineering Analyst,None,Toyota Motor Manufacturing Canada,None
Analyst/Senior Associate - Financial Engineering and Modelin...,"Toronto, ON",Deloitte,None
Program Manager - Business Analyst,"Montréal, QC",MHI RJ Aviation Canada,None
BI Engineer (Contract),"Mississauga, ON",Compass Digital Labs,None
Sr. Analytics Engineer,"Toronto, ON",ACV Auctions,None
Systems Engineer - Power BI,"Vancouver, BC",Infosys Limited,None
Business Intelligence Engineer II,"Vancouver, BC","AMZN CAN Fulfillment Svcs, ULC",None
"Engineering Analyst, Customer Satisfaction - Quality Assuran...","Cambridge, ON",Toyota Motor Manufacturing Canada,None
Analytics Engineer,Ontario,MakeSpace,None
QA & Process Design Analyst,"Winnipeg, MB",Canada Life Assurance Company,None
Analyst/Senior Associate - Financial Engineering and Modelin...,"Toronto, ON",Deloitte,None
Senior Analytics Engineer,"Vancouver, BC",Unbounce,None
BI Engineer,"Ottawa, ON",Sonder,None
Program Manager - Business Analyst,"Montréal, QC",MHI RJ Aviation Canada,None
Senior Business Intelligence Engineer - 308751,None,Procom,None
Energy Analyst,"Toronto, ON",Ainsworth,None
BI Solution Engineer - Customer Success,Canada,Dundas Data Visualization,None
Senior BI Engineer,"Toronto, ON",ecobee,None
BI Engineer (Contract),"Mississauga, ON",Compass Digital Labs,None
Sr. Analytics Engineer,"Toronto, ON",ACV Auctions,None
Systems Engineer - Power BI,"Vancouver, BC",Infosys Limited,None
Business Intelligence Engineer II,"Vancouver, BC","AMZN CAN Fulfillment Svcs, ULC",None
"Engineering Analyst, Customer Satisfaction - Quality Assuran...","Cambridge, ON",Toyota Motor Manufacturing Canada,None
Analytics Engineer,Ontario,MakeSpace,None
QA & Process Design Analyst,"Winnipeg, MB",Canada Life Assurance Company,None
Analyst/Senior Associate - Financial Engineering and Modelin...,"Toronto, ON",Deloitte,None
Senior Analytics Engineer,"Vancouver, BC",Unbounce,None
BI Engineer,"Ottawa, ON",Sonder,None
Program Manager - Business Analyst,"Montréal, QC",MHI RJ Aviation Canada,None
Senior Business Intelligence Engineer - 308751,None,Procom,None
Energy Analyst,"Toronto, ON",Ainsworth,None
BI Solution Engineer - Customer Success,Canada,Dundas Data Visualization,None
Senior BI Engineer,"Toronto, ON",ecobee,None
